{
    "carvers": [
      "minecraft:cave",
      "stoneworld:cave_bubbly",
      "minecraft:canyon",
      "minecraft:cave_extra_underground",
      "stoneworld:pale_oak_roots"
    ],
    "downfall": 0,
    "effects": {
        "mood_sound": {
      "block_search_extent": 8,
      "offset": 2,
      "sound": "minecraft:ambient.cave",
      "tick_delay": 6000
    },
    "music": [
      {
        "data": {
          "max_delay": 24000,
          "min_delay": 12000,
          "replace_current_music": false,
          "sound": "minecraft:music.nether.basalt_deltas"
        },
        "weight": 1
      }
    ],
      "fog_color": 6840176,
      "particle": {
        "options": {
          "type": "minecraft:white_ash"
        },
        "probability": 0.05093334
      },
      "sky_color": 7254527,
      "water_color": 4159204,
      "water_fog_color": 329011
    },
    "features": [
      [],
      [],
      [],
      [],
      [
        "minecraft:delta",
        "minecraft:small_basalt_columns",
        "minecraft:large_basalt_columns"
      ],
      [],
      [],
      [
        "minecraft:basalt_blobs",
        "minecraft:blackstone_blobs",
        "minecraft:spring_delta",
        "minecraft:ore_magma",
        "minecraft:spring_closed_double",
        "minecraft:ore_gold_deltas",
        "minecraft:ore_quartz_deltas"
      ]
    ],
    "has_precipitation": false,
    "spawn_costs": {},
    "spawners": {
      "ambient": [],
      "axolotls": [],
      "creature": [
        {
          "type": "minecraft:strider",
          "maxCount": 2,
          "minCount": 1,
          "weight": 60
        }
      ],
      "misc": [],
      "monster": [],
      "underground_water_creature": [],
      "water_ambient": [],
      "water_creature": []
    },
    "temperature": 2
  }