{
  "pools": [
    {
      "rolls": 1,
      "bonus_rolls": 0,
      "entries": [
        {
          "type": "minecraft:item",
          "name": "minecraft:andesite",
          "weight": 1
        },
        {
          "type": "minecraft:item",
          "name": "minecraft:granite",
          "weight": 1
        },
        {
          "type": "minecraft:item",
          "name": "minecraft:diorite",
          "weight": 1
        }
      ],
      "functions": []
    }
  ]
}