{
  "pools": [
    {
      "rolls": 1,
      "bonus_rolls": 0,
      "entries": [
        {
          "type": "minecraft:item",
          "name": "minecraft:dirt"
        },
        {
          "type": "minecraft:item",
          "name": "minecraft:oak_sapling"
        },
        {
          "type": "minecraft:item", 
          "name": "minecraft:oak_log"
        },
        {
          "type": "minecraft:item",
          "name": "minecraft:spruce_sapling"
        },
        {
          "type": "minecraft:item", 
          "name": "minecraft:spruce_log"
        },
        {
          "type": "minecraft:item",
          "name": "minecraft:birch_sapling"
        },
        {
          "type": "minecraft:item", 
          "name": "minecraft:birch_log"
        },
        {
          "type": "minecraft:item",
          "name": "minecraft:jungle_sapling"
        },
        {
          "type": "minecraft:item", 
          "name": "minecraft:jungle_log"
        },
        {
          "type": "minecraft:item",
          "name": "minecraft:acacia_sapling"
        },
        {
          "type": "minecraft:item", 
          "name": "minecraft:acacia_log"
        },
        {
          "type": "minecraft:item",
          "name": "minecraft:dark_oak_sapling"
        },
        {
          "type": "minecraft:item", 
          "name": "minecraft:dark_oak_log"
        },
        {
          "type": "minecraft:item", 
          "name": "minecraft:mangrove_propagule"
        },
        {
          "type": "minecraft:item", 
          "name": "minecraft:mangrove_log"
        },
        {
          "type": "minecraft:item", 
          "name": "minecraft:cherry_sapling"
        },
        {
          "type": "minecraft:item", 
          "name": "minecraft:cherry_log"
        }
      ],
      "functions": []
    }
  ]
}