{
    "type": "minecraft:multiface_growth",
    "config": {
      "block": "minecraft:glow_lichen",
      "can_be_placed_on": [
        "minecraft:stone",
        "minecraft:andesite",
        "minecraft:diorite",
        "minecraft:granite",
        "minecraft:dripstone_block",
        "minecraft:calcite",
        "minecraft:tuff",
        "minecraft:deepslate",
        "minecraft:mycelium",
        "minecraft:rooted_dirt"
      ],
      "can_place_on_ceiling": true,
      "can_place_on_floor": false,
      "can_place_on_wall": true,
      "chance_of_spreading": 0.5,
      "search_range": 20
    }
  }