{
    "type": "minecraft:simple_block",
    "config": {
      "to_place": {
        "type": "minecraft:weighted_state_provider",
        "entries": [
          {
            "data": {
              "Name": "minecraft:flowering_azalea"
            },
            "weight": 4
          },
          {
            "data": {
              "Name": "minecraft:azalea"
            },
            "weight": 7
          },
          {
            "data": {
              "Name": "minecraft:moss_carpet"
            },
            "weight": 25
          },
          {
            "data": {
              "Name": "minecraft:short_grass"
            },
            "weight": 50
          },
          {
            "data": {
              "Name": "minecraft:tall_grass",
              "Properties": {
                "half": "lower"
              }
            },
            "weight": 10
          },
          {
            "weight": 1,
            "data": {
              "Name": "minecraft:cornflower"
            }
          },
          {
            "weight": 1,
            "data": {
              "Name": "minecraft:poppy"
            }
          },
          {
            "weight": 1,
            "data": {
              "Name": "minecraft:lily_of_the_valley"
            }
          },
          {
            "weight": 1,
            "data": {
              "Name": "minecraft:lilac"
            }
          },
          {
            "weight": 1,
            "data": {
              "Name": "minecraft:peony"
            }
          },
          {
            "weight": 1,
            "data": {
              "Name": "minecraft:sweet_berry_bush"
            }
          }
        ]
      }
    }
  }