{
    "type": "minecraft:chest",
    "pools": [
      {
        "bonus_rolls": 0,
        "entries": [
          {
            "type": "minecraft:item",
            "functions": [
              {
                "add": false,
                "count": {
                  "type": "minecraft:uniform",
                  "max": 3,
                  "min": 1
                },
                "function": "minecraft:set_count"
              }
            ],
            "name": "minecraft:diamond",
            "weight": 5
          },
          {
            "type": "minecraft:item",
            "functions": [
              {
                "add": false,
                "count": {
                  "type": "minecraft:uniform",
                  "max": 5,
                  "min": 1
                },
                "function": "minecraft:set_count"
              }
            ],
            "name": "minecraft:iron_ingot",
            "weight": 5
          },
          {
            "type": "minecraft:item",
            "functions": [
              {
                "add": false,
                "count": {
                  "type": "minecraft:uniform",
                  "max": 3,
                  "min": 1
                },
                "function": "minecraft:set_count"
              }
            ],
            "name": "minecraft:gold_ingot",
            "weight": 15
          },
          {
            "type": "minecraft:item",
            "name": "minecraft:golden_sword",
            "weight": 5
          },
          {
            "type": "minecraft:item",
            "name": "minecraft:golden_chestplate",
            "weight": 5
          },
          {
            "type": "minecraft:item",
            "name": "minecraft:flint_and_steel",
            "weight": 5
          },
          {
            "type": "minecraft:item",
            "functions": [
              {
                "add": false,
                "count": {
                  "type": "minecraft:uniform",
                  "max": 7,
                  "min": 3
                },
                "function": "minecraft:set_count"
              }
            ],
            "name": "minecraft:nether_wart",
            "weight": 5
          },
          {
            "type": "minecraft:item",
            "name": "minecraft:saddle",
            "weight": 10
          },
          {
            "type": "minecraft:item",
            "name": "minecraft:golden_horse_armor",
            "weight": 8
          },
          {
            "type": "minecraft:item",
            "name": "minecraft:iron_horse_armor",
            "weight": 5
          },
          {
            "type": "minecraft:item",
            "name": "minecraft:diamond_horse_armor",
            "weight": 3
          },
          {
            "type": "minecraft:item",
            "functions": [
              {
                "add": false,
                "count": {
                  "type": "minecraft:uniform",
                  "max": 4,
                  "min": 2
                },
                "function": "minecraft:set_count"
              }
            ],
            "name": "minecraft:obsidian",
            "weight": 2
          }
        ],
        "rolls": {
          "type": "minecraft:uniform",
          "max": 4,
          "min": 2
        }
      },
      {
        "bonus_rolls": 0,
        "entries": [
          {
            "type": "minecraft:empty",
            "weight": 14
          },
          {
            "type": "minecraft:item",
            "name": "minecraft:rib_armor_trim_smithing_template"
          },
          {
            "type": "minecraft:item",
            "name": "minecraft:compass",
            "weight": 20,
            "functions": [
              {
                "function": "minecraft:set_components",
                "components": {
                  "minecraft:lodestone_tracker": {
                    "target": {
                      "pos": [
                        1902,
                        22,
                        -865
                      ],
                      "dimension": "minecraft:the_nether"
                    },
                    "tracked": false
                  },
                  "minecraft:enchantment_glint_override": true,
                  "minecraft:custom_name": "{\"text\":\"Vulcano\",\"italic\":false,\"color\":\"red\"}"
                }
              }
            ],
            "conditions": []
          }
        ],
        "rolls": 1
      }
    ],
    "random_sequence": "minecraft:chests/nether_bridge"
  }