{
    "type": "minecraft:cave",
    "config": {
      "probability": 0.05,
      "y": {
        "type": "minecraft:uniform",
          "min_inclusive": { 
            "absolute": 0 
          },
          "max_inclusive": { 
            "absolute": 256
          }
      },
      "yScale": {
        "type": "minecraft:constant",
        "value": 0.2
      },
      "horizontal_radius_multiplier": {
        "type": "minecraft:clamped_normal",
        "min": 3.0,
        "max": 8.0,
        "deviation": 0.5,
        "mean": 5.0
      },
      "vertical_radius_multiplier": {
        "type": "minecraft:trapezoid",
        "min": 1.0,
        "max": 4.0,
        "plateau": 2.4
      },
      "lava_level": {
        "above_bottom": 8
      },
      "replaceable": "#minecraft:overworld_carver_replaceables",
      "floor_level": {
        "type": "minecraft:trapezoid",
        "min": -1.0,
        "max": 1.0,
        "plateau": 0.04
      }
    }
  }