{
    "type": "minecraft:cave",
    "config": {
      "probability": 0.5,
      "y": {
        "type": "minecraft:uniform",
          "min_inclusive": { 
            "absolute": -50 
          },
          "max_inclusive": { 
            "absolute": 256
          }
      },
      "yScale": {
        "type": "minecraft:constant",
        "value": 0.2
      },
      "horizontal_radius_multiplier": {
        "type": "minecraft:uniform",
        "max_exclusive": 6,
        "min_inclusive": 4
      },
      "vertical_radius_multiplier": {
        "type": "minecraft:trapezoid",
        "min": 5.0,
        "max": 9.0,
        "plateau": 2.4
      },
      "lava_level": {
        "above_bottom": 8
      },
      "replaceable": "#minecraft:overworld_carver_replaceables",
      "floor_level": 1
    }
  }