{
    "type": "minecraft:squeeze",
    "argument": {
      "type": "minecraft:add",
      "argument1": {
        "type": "minecraft:mul",
        "argument1": {
          "type": "minecraft:add",
          "argument1": {
            "type": "minecraft:noise",
            "noise": "minecraft:spaghetti_3d_1",
            "xz_scale": 2,
            "y_scale": 10
          },
          "argument2": "minecraft:nether/base_3d_noise"
        },
        "argument2": {
          "type": "minecraft:min",
          "argument1": {
            "type": "minecraft:noise",
            "noise": "minecraft:spaghetti_roughness_modulator",
            "xz_scale": 4,
            "y_scale": 9
          },
          "argument2": 0
        }
      },
      "argument2": 0.125856
    }
  }