{
  "dimensions": {
    "minecraft:overworld": {
      "type": "minecraft:overworld",
      "generator": {
        "type": "minecraft:noise",
        "settings": "minecraft:overworld",
        "biome_source": {
          "type": "minecraft:multi_noise",
          "biomes": [
            {
              "biome": "stoneworld:sand_caves",
              "parameters": {
                "temperature": [
                  0.15,
                  0.5
                ],
                "weirdness": [
                  0.0,
                  0.8
                ],
                "continentalness": [
                  -2,
                  2
                ],
                "erosion": [
                  -2,
                  2
                ],
                "humidity": [
                  -2,
                  2
                ],
                "depth": [
                  -2,
                  2
                ],
                "offset": 0
              }
            },
            {
              "biome": "stoneworld:basalt_caves",
              "parameters": {
                "temperature": [
                  0.15,
                  0.5
                ],
                "weirdness": [
                  -2,
                  0
                ],
                "continentalness": [
                  -2,
                  2
                ],
                "erosion": [
                  -2,
                  2
                ],
                "depth": [
                  -2,
                  2
                ],
                "humidity": [
                  -2,
                  2
                ],
                "offset": 0
              }
            },
            {
              "biome": "minecraft:lush_caves",
              "parameters": {
                "temperature": [
                  -0.125,
                  0.125
                ],
                "weirdness": [
                  -2,
                  -0.05
                ],
                "continentalness": [
                  -2,
                  2
                ],
                "erosion": [
                  -2,
                  2
                ],
                "depth": [
                  -2,
                  2
                ],
                "humidity": [
                  -2,
                  2
                ],
                "offset": 0
              }
            },
            {
              "biome": "stoneworld:pale_caves",
              "parameters": {
                "temperature": [
                  -0.125,
                  0.125
                ],
                "weirdness": [
                  -0.05,
                  0
                ],
                "continentalness": [
                  -2,
                  2
                ],
                "erosion": [
                  -2,
                  2
                ],
                "depth": [
                  -2,
                  2
                ],
                "humidity": [
                  -2,
                  2
                ],
                "offset": 0
              }
            },
            {
              "biome": "minecraft:deep_dark",
              "parameters": {
                "temperature": [
                  -0.125,
                  0.125
                ],
                "weirdness": [
                  0,
                  0.05
                ],
                "continentalness": [
                  -2,
                  2
                ],
                "erosion": [
                  -2,
                  2
                ],
                "depth": [
                  -2,
                  2
                ],
                "humidity": [
                  -2,
                  2
                ],
                "offset": 0
              }
            },
            {
              "biome": "minecraft:dripstone_caves",
              "parameters": {
                "temperature": [
                  -0.125,
                  0.125
                ],
                "weirdness": [
                  0.05,
                  0.8
                ],
                "continentalness": [
                  -2,
                  2
                ],
                "erosion": [
                  -2,
                  2
                ],
                "depth": [
                  -2,
                  2
                ],
                "humidity": [
                  -2,
                  2
                ],
                "offset": 0
              }
            }
          ]
        }
      }
    },
    "minecraft:the_end": {
      "type": "minecraft:the_end",
      "generator": {
        "type": "minecraft:noise",
        "biome_source": {
          "type": "minecraft:the_end"
        },
        "settings": "minecraft:end"
      }
    },
    "minecraft:the_nether": {
      "type": "minecraft:the_nether",
      "generator": {
        "type": "minecraft:noise",
        "biome_source": {
          "type": "minecraft:multi_noise",
          "biomes": [
            {
              "biome": "minecraft:basalt_deltas",
              "parameters": {
                "continentalness": [
                  -1,
                  1
                ],
                "depth": [
                  0.2,
                  0.4
                ],
                "erosion": [
                  0.4,
                  0.6
                ],
                "humidity": [
                  0,
                  0.5
                ],
                "offset": 0,
                "temperature": [
                  0.7,
                  1
                ],
                "weirdness": [
                  -0.3,
                  0.3
                ]
              }
            },
            {
              "biome": "minecraft:warped_forest",
              "parameters": {
                "continentalness": [
                  0.2,
                  0.5
                ],
                "depth": [
                  0.1,
                  0.3
                ],
                "erosion": [
                  0.2,
                  0.4
                ],
                "humidity": [
                  0.6,
                  0.9
                ],
                "offset": 0,
                "temperature": [
                  0.5,
                  0.8
                ],
                "weirdness": [
                  -0.2,
                  0.2
                ]
              }
            },
            {
              "biome": "minecraft:crimson_forest",
              "parameters": {
                "continentalness": [
                  0.3,
                  0.7
                ],
                "depth": [
                  0.2,
                  0.4
                ],
                "erosion": [
                  0.1,
                  0.3
                ],
                "humidity": [
                  0.7,
                  1
                ],
                "offset": 0,
                "temperature": [
                  0.8,
                  1
                ],
                "weirdness": [
                  -0.1,
                  0.1
                ]
              }
            },
            {
              "biome": "minecraft:soul_sand_valley",
              "parameters": {
                "continentalness": [
                  -0.5,
                  0
                ],
                "depth": [
                  0,
                  0.2
                ],
                "erosion": [
                  0,
                  0.2
                ],
                "humidity": [
                  0.2,
                  0.4
                ],
                "offset": 0,
                "temperature": [
                  0.4,
                  0.6
                ],
                "weirdness": [
                  -0.4,
                  -0.2
                ]
              }
            }
          ]
        },
        "settings": "minecraft:nether"
      }
    }
  }
}