{
    "carvers": [
      "stoneworld:jungle_roots",
      "stoneworld:cave",
      "minecraft:cave_extra_underground",
      "minecraft:canyon",
      "stoneworld:cave_bubbly"
    ],
    "downfall": 0.5,
    "effects": {
      "fog_color": 12638463,
      "mood_sound": {
        "block_search_extent": 8,
        "offset": 2,
        "sound": "minecraft:ambient.cave",
        "tick_delay": 6000
      },
      "music": [
        {
          "data": {
            "max_delay": 24000,
            "min_delay": 12000,
            "replace_current_music": false,
            "sound": "minecraft:music.overworld.lush_caves"
          },
          "weight": 1
        }
      ],
      "music_volume": 1,
      "sky_color": 8103167,
      "water_color": 4159204,
      "water_fog_color": 329011
    },
    "features": [
      [],
      [
        "minecraft:lake_lava_underground",
        "minecraft:lake_lava_surface"
      ],
      [
        "minecraft:amethyst_geode"
      ],
      [
        "minecraft:monster_room",
        "minecraft:monster_room_deep"
      ],
      [],
      [],
      [
        "minecraft:ore_dirt",
        "minecraft:ore_gravel",
        "minecraft:ore_granite_upper",
        "minecraft:ore_granite_lower",
        "minecraft:ore_diorite_upper",
        "minecraft:ore_diorite_lower",
        "minecraft:ore_andesite_upper",
        "minecraft:ore_andesite_lower",
        "minecraft:ore_tuff",
        "minecraft:ore_coal_upper",
        "minecraft:ore_coal_lower",
        "minecraft:ore_iron_upper",
        "minecraft:ore_iron_middle",
        "minecraft:ore_iron_small",
        "minecraft:ore_gold",
        "minecraft:ore_gold_lower",
        "minecraft:ore_redstone",
        "minecraft:ore_redstone_lower",
        "minecraft:ore_diamond",
        "minecraft:ore_diamond_medium",
        "minecraft:ore_diamond_large",
        "minecraft:ore_diamond_buried",
        "minecraft:ore_lapis",
        "minecraft:ore_lapis_buried",
        "minecraft:ore_copper",
        "minecraft:underwater_magma",
        "minecraft:ore_clay",
        "minecraft:disk_sand",
        "minecraft:disk_clay",
        "minecraft:disk_gravel",
        "stoneworld:lush_cave_stone_varience"
      ],
      [],
      [
        "minecraft:spring_water",
        "minecraft:spring_lava"
      ],
      [
        "minecraft:glow_lichen",
        "minecraft:patch_tall_grass_2",
        "minecraft:lush_caves_ceiling_vegetation",
        "minecraft:cave_vines",
        "minecraft:lush_caves_clay",
        "minecraft:lush_caves_vegetation",
        "minecraft:rooted_azalea_tree",
        "minecraft:spore_blossom",
        "minecraft:classic_vines_cave_feature",
        "stoneworld:jungle_leave_vegetation"
      ],
      [
        "minecraft:freeze_top_layer"
      ]
    ],
    "has_precipitation": true,
    "spawn_costs": {},
    "spawners": {
      "ambient": [
        {
          "type": "minecraft:sheep",
          "maxCount": 4,
          "minCount": 4,
          "weight": 12
        }
      ],
      "axolotls": [
        {
          "type": "minecraft:axolotl",
          "maxCount": 6,
          "minCount": 4,
          "weight": 10
        }
      ],
      "creature": [],
      "misc": [],
      "monster": [
        {
        "type": "minecraft:pig",
        "maxCount": 4,
        "minCount": 4,
        "weight": 13
      },
      {
        "type": "minecraft:cow",
        "maxCount": 4,
        "minCount": 4,
        "weight": 13
      }
    ],
      "underground_water_creature": [
        {
          "type": "minecraft:glow_squid",
          "maxCount": 6,
          "minCount": 4,
          "weight": 10
        }
      ],
      "water_ambient": [
        {
          "type": "minecraft:tropical_fish",
          "maxCount": 8,
          "minCount": 8,
          "weight": 25
        }
      ],
      "water_creature": []
    },
    "temperature": 0.5
  }