{
  "pools": [
    {
      "rolls": 1,
      "bonus_rolls": 0,
      "entries": [
        {
          "type": "minecraft:item",
          "name": "minecraft:suspicious_sand",
          "weight": 1,
          "functions": [
            {
              "function": "minecraft:set_custom_data",
              "tag": "{a:{item:{id:\"minecraft:diamond\", Count: 10b}}}"
            }
          ]
        },
        {
          "type": "minecraft:item",
          "name": "minecraft:suspicious_sand",
          "weight": 1,
          "functions": [
            {
              "function": "minecraft:set_custom_data",
              "tag": "{a:{item:{id:\"minecraft:dune_armor_trim_smithing_template\", Count: 1b}}}"
            }
          ]
        },
        {
          "type": "minecraft:item",
          "name": "minecraft:suspicious_sand",
          "weight": 1,
          "functions": [
            {
              "function": "minecraft:set_custom_data",
              "tag": "{a:{item:{id:\"minecraft:sniffer_egg\", Count: 1b}}}"
            }
          ]
        },
        {
          "type": "minecraft:item",
          "name": "minecraft:suspicious_sand",
          "weight": 1,
          "functions": [
            {
              "function": "minecraft:set_custom_data",
              "tag": "{a:{item:{id:\"minecraft:enchanted_book\", components:{\"minecraft:stored_enchantments\":{levels:{\"minecraft:mending\":1}}}}}}"
            }
          ]
        },
        {
          "type": "minecraft:item",
          "name": "minecraft:suspicious_sand",
          "weight": 1,
          "functions": [
            {
              "function": "minecraft:set_custom_data",
              "tag": "{a:{item:{id:\"minecraft:enchanted_book\", components:{\"minecraft:stored_enchantments\":{levels:{\"minecraft:protection\":4}}}}}}"
            }
          ]
        },
        {
          "type": "minecraft:item",
          "name": "minecraft:suspicious_sand",
          "weight": 1,
          "functions": [
            {
              "function": "minecraft:set_custom_data",
              "tag": "{a:{item:{id:\"minecraft:enchanted_book\", components:{\"minecraft:stored_enchantments\":{levels:{\"minecraft:fire_aspect\":2}}}}}}"
            }
          ]
        },
        {
          "type": "minecraft:item",
          "name": "minecraft:suspicious_sand",
          "weight": 1,
          "functions": [
            {
              "function": "minecraft:set_custom_data",
              "tag": "{a:{item:{id:\"minecraft:enchanted_book\", components:{\"minecraft:stored_enchantments\":{levels:{\"minecraft:infinity\":1}}}}}}"
            }
          ]
        },
        {
          "type": "minecraft:item",
          "name": "minecraft:suspicious_sand",
          "weight": 1,
          "functions": [
            {
              "function": "minecraft:set_custom_data",
              "tag": "{a:{item:{id:\"minecraft:coast_armor_trim_smithing_template\", Count: 1b}}}"
            }
          ]
        },
        {
          "type": "minecraft:item",
          "name": "minecraft:suspicious_sand",
          "weight": 1,
          "functions": [
            {
              "function": "minecraft:set_custom_data",
              "tag": "{a:{item:{id:\"minecraft:wild_armor_trim_smithing_template\", Count: 1b}}}"
            }
          ]
        },
        {
          "type": "minecraft:item",
          "name": "minecraft:suspicious_sand",
          "weight": 1,
          "functions": [
            {
              "function": "minecraft:set_custom_data",
              "tag": "{a:{item:{id:\"minecraft:tide_armor_trim_smithing_template\", Count: 1b}}}"
            }
          ]
        },
        {
          "type": "minecraft:item",
          "name": "minecraft:suspicious_sand",
          "weight": 1,
          "functions": [
            {
              "function": "minecraft:set_custom_data",
              "tag": "{a:{item:{id:\"minecraft:vex_armor_trim_smithing_template\", Count: 1b}}}"
            }
          ]
        }
      ],
      "functions": []
    }
  ]
}