{
  "pools": [
    {
      "rolls": 1,
      "bonus_rolls": 0,
      "entries": [
        {
          "type": "minecraft:item",
          "name": "minecraft:deepslate_iron_ore",
          "weight": 12
        },
        {
          "type": "minecraft:item",
          "name": "minecraft:iron_block",
          "weight": 1
        },
        {
          "type": "minecraft:item",
          "name": "minecraft:stone",
          "weight": 12
        },
        {
          "type": "minecraft:item",
          "name": "minecraft:gravel",
          "weight": 12
        },
        {
          "type": "minecraft:item",
          "name": "minecraft:deepslate",
          "weight": 12
        },
        {
          "type": "minecraft:item",
          "name": "minecraft:cobblestone",
          "weight": 12
        }
      ],
      "functions": []
    }
  ]
}