{
    "type": "minecraft:chest",
    "pools": [
      {
        "rolls": 5,
        "bonus_rolls": 0,
        "entries": [
          {
            "type": "minecraft:item",
            "name": "minecraft:experience_bottle",
            "functions": [],
            "conditions": []
          },
          {
            "type": "minecraft:item",
            "name": "minecraft:lead"
          },
          {
            "type": "minecraft:item",
            "name": "minecraft:saddle"
          },
          {
            "type": "minecraft:item",
            "name": "minecraft:grass_block"
          },
          {
            "type": "minecraft:item",
            "name": "minecraft:pointed_dripstone"
          },
          {
            "type": "minecraft:item",
            "name": "minecraft:netherite_scrap"
          },
          {
            "type": "minecraft:item",
            "name": "minecraft:nautilus_shell"
          },
          {
            "type": "minecraft:item",
            "name": "minecraft:dragon_breath"
          },
          {
            "type": "minecraft:item",
            "name": "minecraft:name_tag"
          },
          {
            "type": "minecraft:item",
            "name": "minecraft:breeze_rod"
          },
          {
            "type": "minecraft:item",
            "name": "minecraft:fermented_spider_eye"
          },
          {
            "type": "minecraft:item",
            "name": "minecraft:bone"
          },
          {
            "type": "minecraft:item",
            "name": "cobweb"
          },
          {
            "type": "minecraft:item",
            "name": "minecraft:sugar_cane"
          },
          {
            "type": "minecraft:item",
            "name": "minecraft:bamboo"
          },
          {
            "type": "minecraft:item",
            "name": "minecraft:honeycomb"
          },
          {
            "type": "minecraft:item",
            "name": "minecraft:resin_clump"
          },
          {
            "type": "minecraft:item",
            "name": "minecraft:string"
          },
          {
            "type": "minecraft:item",
            "name": "minecraft:iron_nugget"
          },
          {
            "type": "minecraft:item",
            "name": "minecraft:golden_apple"
          },
          {
            "type": "minecraft:item",
            "name": "minecraft:turtle_scute"
          },
          {
            "type": "minecraft:item",
            "name": "minecraft:golden_carrot"
          },
          {
            "type": "minecraft:item",
            "name": "minecraft:coal"
          },
          {
            "type": "minecraft:item",
            "name": "minecraft:coal_block"
          },
          {
            "type": "minecraft:item",
            "name": "minecraft:cooked_porkchop"
          }
        ]
      }
    ],
    "random_sequence": "minecraft:chests/nether_bridge"
  }