{
    "feature": "minecraft:ice_spike",
    "placement": [
      {
        "type": "minecraft:count",
        "count": {
          "type": "minecraft:uniform",
          "max_inclusive": 90,
          "min_inclusive": 40
        }
      },
      {
        "type": "minecraft:in_square"
      },
      {
        "type": "minecraft:height_range",
        "height": {
          "type": "minecraft:uniform",
          "max_inclusive": {
            "absolute": 256
          },
          "min_inclusive": {
            "above_bottom": -50
          }
        }
      },
      {
        "type": "minecraft:biome"
      }
    ]
  }