{
    "feature": "stoneworld:underground_ice",
    "placement": [
      {
        "type": "minecraft:count",
        "count": 21
      },
      {
        "type": "minecraft:in_square"
      },
      {
        "type": "minecraft:height_range",
        "height": {
          "type": "minecraft:uniform",
          "max_inclusive": {
            "absolute": 280
          },
          "min_inclusive": {
            "absolute": 0
          }
        }
      },
      {
        "type": "minecraft:biome"
      }
    ]
  }