{
  "type": "minecraft:cave",
  "config": {
    "debug_settings": {
      "debug_mode": true,
      "air_state": {
        "Name": "minecraft:birch_wood"
      },
      "water_state": {
        "Name": "minecraft:birch_wood"
      },
      "lava_state": {
        "Name": "minecraft:birch_wood"
      },
      "barrier_state": {
        "Name": "minecraft:birch_wood"
      }
    },
    "floor_level": {
      "type": "minecraft:uniform",
      "max_exclusive": -0.2,
      "min_inclusive": -1
    },
    "horizontal_radius_multiplier": {
      "type": "minecraft:uniform",
      "max_exclusive": 0.7,
      "min_inclusive": 0.3
    },
    "lava_level": {
      "above_bottom": 0
    },
    "probability": 0.11,
    "replaceable": "#minecraft:overworld_carver_replaceables",
    "vertical_radius_multiplier": {
      "type": "minecraft:uniform",
      "max_exclusive": 0.7,
      "min_inclusive": 0.3
    },
    "y": {
      "type": "minecraft:uniform",
      "max_inclusive": {
        "absolute": 319
      },
      "min_inclusive": {
        "above_bottom": -64
      }
    },
    "yScale": {
      "type": "minecraft:uniform",
      "max_exclusive": 0.05,
      "min_inclusive": 0.01
    }
  }
}