{
    "type": "minecraft:cave",
    "config": {
      "probability": 0.05,
      "y": {
        "type": "minecraft:uniform",
          "min_inclusive": { 
            "absolute": 0 
          },
          "max_inclusive": { 
            "absolute": 256
          }
      },
      "yScale": {
        "type": "minecraft:constant",
        "value": 0.2
      },
      "horizontal_radius_multiplier": {
        "type": "minecraft:uniform",
        "min_inclusive": 6,
        "max_exclusive": 9
      },
      "vertical_radius_multiplier": {
        "type": "minecraft:uniform",
        "min_inclusive": 1,
        "max_exclusive": 5
      },
      "lava_level": {
        "above_bottom": 8
      },
      "replaceable": "#minecraft:overworld_carver_replaceables",
      "floor_level": {
        "type": "minecraft:uniform",
        "min_inclusive": -1,
        "max_exclusive": 1
      }
    }
  }