{
    "ambient_light": 0.1,
    "bed_works": false,
    "coordinate_scale": 8,
    "effects": "minecraft:the_nether",
    "fixed_time": 18000,
    "has_ceiling": true,
    "has_raids": false,
    "has_skylight": false,
    "height": 128,
    "infiniburn": "#minecraft:infiniburn_nether",
    "logical_height": 128,
    "min_y": 0,
    "monster_spawn_block_light_limit": 15,
    "monster_spawn_light_level": 7,
    "natural": false,
    "piglin_safe": true,
    "respawn_anchor_works": true,
    "ultrawarm": true
  }