{
  "sea_level": -64,
  "disable_mob_generation": false,
  "aquifers_enabled": true,
  "ore_veins_enabled": true,
  "legacy_random_source": false,
  "default_block": {
    "Name": "minecraft:stone"
  },
  "default_fluid": {
    "Name": "minecraft:water",
    "Properties": {
      "level": "0"
    }
  },
  "noise": {
    "min_y": -64,
    "height": 384,
    "size_horizontal": 1,
    "size_vertical": 1
  },
  "noise_router": {
    "barrier": 0,
    "fluid_level_floodedness": 0,
    "fluid_level_spread": 0,
    "lava": 0,
    "temperature": {
      "type": "minecraft:shifted_noise",
      "noise": "minecraft:temperature",
      "xz_scale": 5,
      "y_scale": 1,
      "shift_x": "minecraft:shift_x",
      "shift_y": 0,
      "shift_z": "minecraft:shift_z"
    },
    "vegetation": {
      "type": "minecraft:shifted_noise",
      "noise": "minecraft:vegetation",
      "xz_scale": 1,
      "y_scale": 1,
      "shift_x": "minecraft:shift_x",
      "shift_y": 0,
      "shift_z": "minecraft:shift_z"
    },
    "continents": {
    "type": "minecraft:shifted_noise",
    "noise": "minecraft:continentalness",
    "xz_scale": 0.8,
    "y_scale": 0,
    "shift_x": "minecraft:shift_x",
    "shift_y": 0,
    "shift_z": "minecraft:shift_z"
  },
  "erosion": {
    "type": "minecraft:shifted_noise",
    "noise": "minecraft:erosion",
    "xz_scale": 0.6,
    "y_scale": 0.4,
    "shift_x": "minecraft:shift_x",
    "shift_y": 0,
    "shift_z": "minecraft:shift_z"
  },
  "depth": {
    "type": "minecraft:shifted_noise",
    "noise": "minecraft:erosion",
    "xz_scale": 0.8,
    "y_scale": 1,
    "shift_x": "minecraft:shift_x",
    "shift_y": 0,
    "shift_z": "minecraft:shift_z"
  },
  "ridges": {
    "type": "minecraft:shifted_noise",
    "noise": "minecraft:ridge",
    "xz_scale": 0.7,
    "y_scale": 0.6,
    "shift_x": "minecraft:shift_x",
    "shift_y": 0,
    "shift_z": "minecraft:shift_z"
  },
  
    "initial_density_without_jaggedness": 0,
    "final_density": {
      "type": "minecraft:min",
      "argument1": {
        "type": "minecraft:squeeze",
        "argument": {
          "type": "minecraft:mul",
          "argument1": 0.64,
          "argument2": {
            "type": "minecraft:add",
            "argument1": 0.117,
            "argument2": {
              "type": "minecraft:add",
              "argument1": {
                "type": "minecraft:add",
                "argument1": {
                  "type": "minecraft:y_clamped_gradient",
                  "from_y": 321,
                  "to_y": 300,
                  "from_value": 0,
                  "to_value": 1
                },
                "argument2": {
                  "type": "minecraft:y_clamped_gradient",
                  "from_y": -50,
                  "to_y": -64,
                  "from_value": 0,
                  "to_value": 1
                }
              },
              "argument2": {
                "type": "minecraft:add",
                "argument1": 0.48,
                "argument2": {
                  "type": "minecraft:range_choice",
                  "input": "minecraft:overworld/sloped_cheese",
                  "min_inclusive": -1000000,
                  "max_exclusive": 1.5625,
                  "when_in_range": {
                    "type": "minecraft:min",
                    "argument1": 1,
                    "argument2": {
                      "type": "minecraft:mul",
                      "argument1": 5,
                      "argument2": "minecraft:overworld/caves/entrances"
                    }
                  },
                  "when_out_of_range": {
                    "type": "minecraft:max",
                    "argument1": {
                      "type": "minecraft:min",
                      "argument1": {
                        "type": "minecraft:min",
                        "argument1": {
                          "type": "minecraft:add",
                          "argument1": {
                            "type": "minecraft:mul",
                            "argument1": 4,
                            "argument2": {
                              "type": "minecraft:square",
                              "argument": {
                                "type": "minecraft:noise",
                                "noise": "minecraft:cave_layer",
                                "xz_scale": 3,
                                "y_scale": 8
                              }
                            }
                          },
                          "argument2": {
                            "type": "minecraft:add",
                            "argument1": {
                              "type": "minecraft:clamp",
                              "input": {
                                "type": "minecraft:add",
                                "argument1": 0.27,
                                "argument2": {
                                  "type": "minecraft:noise",
                                  "noise": "minecraft:cave_cheese",
                                  "xz_scale": 1,
                                  "y_scale": 0.6
                                }
                              },
                              "min": -1,
                              "max": 1
                            },
                            "argument2": {
                              "type": "minecraft:clamp",
                              "input": {
                                "type": "minecraft:add",
                                "argument1": 1.5,
                                "argument2": {
                                  "type": "minecraft:mul",
                                  "argument1": -0.64,
                                  "argument2": "minecraft:nether/base_3d_noise"
                                }
                              },
                              "min": 0,
                              "max": 0.5
                            }
                          }
                        },
                        "argument2": "minecraft:overworld/caves/entrances"
                      },
                      "argument2": {
                        "type": "minecraft:add",
                        "argument1": "minecraft:overworld/caves/spaghetti_2d",
                        "argument2": "minecraft:overworld/caves/spaghetti_roughness_function"
                      }
                    },
                    "argument2": {
                      "type": "minecraft:range_choice",
                      "input": "minecraft:overworld/caves/pillars",
                      "min_inclusive": -1000000,
                      "max_exclusive": 0.03,
                      "when_in_range": -1000000,
                      "when_out_of_range": "minecraft:overworld/caves/pillars"
                    }
                  }
                }
              }
            }
          }
        }
      },
      "argument2": {
        "type": "minecraft:range_choice",
        "input": {
          "type": "minecraft:interpolated",
          "argument": {
            "type": "minecraft:range_choice",
            "input": "minecraft:y",
            "max_exclusive": 315,
            "min_inclusive": -60,
            "when_in_range": {
              "type": "minecraft:noise",
              "noise": "minecraft:noodle",
              "xz_scale": 1,
              "y_scale": 1
            },
            "when_out_of_range": -1
          }
        },
        "max_exclusive": 0,
        "min_inclusive": -1000000,
        "when_in_range": 64,
        "when_out_of_range": {
          "type": "minecraft:add",
          "argument1": {
            "type": "minecraft:interpolated",
            "argument": {
              "type": "minecraft:range_choice",
              "input": "minecraft:y",
              "max_exclusive": 321,
              "min_inclusive": -60,
              "when_in_range": {
                "type": "minecraft:add",
                "argument1": -0.07500000000000001,
                "argument2": {
                  "type": "minecraft:mul",
                  "argument1": -0.025,
                  "argument2": {
                    "type": "minecraft:noise",
                    "noise": "minecraft:noodle_thickness",
                    "xz_scale": 1,
                    "y_scale": 1
                  }
                }
              },
              "when_out_of_range": 0
            }
          },
          "argument2": {
            "type": "minecraft:mul",
            "argument1": 1.5,
            "argument2": {
              "type": "minecraft:max",
              "argument1": {
                "type": "minecraft:abs",
                "argument": {
                  "type": "minecraft:interpolated",
                  "argument": {
                    "type": "minecraft:range_choice",
                    "input": "minecraft:y",
                    "max_exclusive": 321,
                    "min_inclusive": -60,
                    "when_in_range": {
                      "type": "minecraft:noise",
                      "noise": "minecraft:noodle_ridge_a",
                      "xz_scale": 2.6666666666666665,
                      "y_scale": 2.6666666666666665
                    },
                    "when_out_of_range": 0
                  }
                }
              },
              "argument2": {
                "type": "minecraft:abs",
                "argument": {
                  "type": "minecraft:interpolated",
                  "argument": {
                    "type": "minecraft:range_choice",
                    "input": "minecraft:y",
                    "max_exclusive": 321,
                    "min_inclusive": -60,
                    "when_in_range": {
                      "type": "minecraft:noise",
                      "noise": "minecraft:noodle_ridge_b",
                      "xz_scale": 2.6666666666666665,
                      "y_scale": 2.6666666666666665
                    },
                    "when_out_of_range": 0
                  }
                }
              }
            }
          }
        }
      }
    },
    "vein_toggle": {
      "type": "minecraft:interpolated",
      "argument": {
        "type": "minecraft:range_choice",
        "input": "minecraft:y",
        "max_exclusive": 51,
        "min_inclusive": -60,
        "when_in_range": {
          "type": "minecraft:noise",
          "noise": "minecraft:ore_veininess",
          "xz_scale": 1.5,
          "y_scale": 1.5
        },
        "when_out_of_range": 0
      }
    },
    "vein_ridged": {
      "type": "minecraft:add",
      "argument1": -0.07999999821186066,
      "argument2": {
        "type": "minecraft:max",
        "argument1": {
          "type": "minecraft:abs",
          "argument": {
            "type": "minecraft:interpolated",
            "argument": {
              "type": "minecraft:range_choice",
              "input": "minecraft:y",
              "max_exclusive": 51,
              "min_inclusive": -60,
              "when_in_range": {
                "type": "minecraft:noise",
                "noise": "minecraft:ore_vein_a",
                "xz_scale": 4,
                "y_scale": 4
              },
              "when_out_of_range": 0
            }
          }
        },
        "argument2": {
          "type": "minecraft:abs",
          "argument": {
            "type": "minecraft:interpolated",
            "argument": {
              "type": "minecraft:range_choice",
              "input": "minecraft:y",
              "max_exclusive": 51,
              "min_inclusive": -60,
              "when_in_range": {
                "type": "minecraft:noise",
                "noise": "minecraft:ore_vein_b",
                "xz_scale": 4,
                "y_scale": 4
              },
              "when_out_of_range": 0
            }
          }
        }
      }
    },
    "vein_gap": {
      "type": "minecraft:noise",
      "noise": "minecraft:ore_gap",
      "xz_scale": 1,
      "y_scale": 1
    }
  },
  "spawn_target": [],
  "surface_rule": {
    "type": "minecraft:sequence",
    "sequence": [
      {
        "type": "minecraft:condition",
        "if_true": {
          "type": "minecraft:vertical_gradient",
          "random_name": "minecraft:bedrock_floor",
          "true_at_and_below": {
            "above_bottom": 0
          },
          "false_at_and_above": {
            "above_bottom": 5
          }
        },
        "then_run": {
          "type": "minecraft:block",
          "result_state": {
            "Name": "minecraft:bedrock"
          }
        }
      },
      {
        "type": "minecraft:condition",
        "if_true": {
          "type": "minecraft:not",
          "invert": {
            "type": "minecraft:vertical_gradient",
            "random_name": "minecraft:bedrock_roof",
            "true_at_and_below": {
              "below_top": 5
            },
            "false_at_and_above": {
              "below_top": 0
            }
          }
        },
        "then_run": {
          "type": "minecraft:block",
          "result_state": {
            "Name": "minecraft:bedrock"
          }
        }
      },
      {
        "type": "minecraft:condition",
        "if_true": {
          "type": "minecraft:y_above",
          "anchor": {
            "below_top": 5
          },
          "surface_depth_multiplier": 0,
          "add_stone_depth": false
        },
        "then_run": {
          "type": "minecraft:block",
          "result_state": {
            "Name": "minecraft:deepslate"
          }
        }
      },
      {
        "type": "minecraft:condition",
        "if_true": {
          "type": "minecraft:vertical_gradient",
          "random_name": "bottom_deepslate",
          "true_at_and_below": {
            "absolute": 15
          },
          "false_at_and_above": {
            "absolute": 25
          }
        },
        "then_run": {
          "type": "minecraft:block",
          "result_state": {
            "Name": "minecraft:deepslate"
          }
        }
      },
      {
        "type": "minecraft:condition",
        "if_true": {
          "type": "minecraft:not",
          "invert": {
            "type": "minecraft:vertical_gradient",
            "random_name": "deepslate_roof",
            "true_at_and_below": {
              "below_top": 100
            },
            "false_at_and_above": {
              "below_top": 90
            }
          }
        },
        "then_run": {
          "type": "minecraft:block",
          "result_state": {
            "Name": "deepslate"
          }
        }
      }
    ]
  }
}