{
  "feature": "minecraft:ore_lapis_buried",
  "placement": [
    {
      "type": "minecraft:count",
      "count": 4
    },
    {
      "type": "minecraft:in_square"
    },
    {
      "type": "minecraft:height_range",
      "height": {
        "type": "minecraft:uniform",
        "max_inclusive": {
          "absolute": 64
        },
        "min_inclusive": {
          "above_bottom": 0
        }
      },
      "min_inclusive": {
        "above_bottom": 0
      },
      "max_inclusive": {
        "absolute": 320
      }
    },
    {
      "type": "minecraft:biome"
    }
  ]
}