{
  "feature": "minecraft:ore_iron",
  "placement": [
    {
      "type": "minecraft:count",
      "count": 10
    },
    {
      "type": "minecraft:in_square"
    },
    {
      "type": "minecraft:height_range",
      "height": {
        "type": "minecraft:trapezoid",
        "max_inclusive": {
          "absolute": 56
        },
        "min_inclusive": {
          "absolute": -24
        }
      },
      "min_inclusive": {
        "absolute": -24
      },
      "max_inclusive": {
        "absolute": 288
      }
    },
    {
      "type": "minecraft:biome"
    }
  ]
}