{
  "feature": "minecraft:ore_diamond_large",
  "placement": [
    {
      "type": "minecraft:rarity_filter",
      "chance": 14
    },
    {
      "type": "minecraft:in_square"
    },
    {
      "type": "minecraft:height_range",
      "height": {
        "type": "minecraft:weighted_list",
        "distribution": [
          {
            "weight": 1,
            "data": {
              "type": "minecraft:trapezoid",
              "min_inclusive": {
                "absolute": -64
              },
              "max_inclusive": {
                "absolute": 64
              },
              "plateau": -50
            }
          },
          {
            "weight": 1,
            "data": {
              "type": "minecraft:trapezoid",
              "min_inclusive": {
                "absolute": 264
              },
              "max_inclusive": {
                "absolute": 319
              },
              "plateau": 305
            }
          }
        ]
      }
    },
    {
      "type": "minecraft:biome"
    }
  ]
}