{
    "feature": "minecraft:basalt_pillar",
    "placement": [
      {
        "type": "minecraft:count",
        "count": 10
      },
      {
        "type": "minecraft:in_square"
      },
      {
        "type": "minecraft:height_range",
        "height": {
          "type": "minecraft:uniform",
          "max_inclusive": {
            "below_top": 0
          },
          "min_inclusive": {
            "above_bottom": 0
          }
        }
      },
      {
        "type": "minecraft:environment_scan",
        "direction_of_search": "down",
        "max_steps": 1,
        "target_condition": {
          "type": "minecraft:not",
          "predicate": {
            "type": "minecraft:matching_block_tag",
              "offset": [
                0,
                0,
                0
              ],
              "tag": "stoneworld:underground_roots"
            }
          }
      },
      {
        "type": "minecraft:biome"
      }
    ]
  }