{
    "feature": "minecraft:ore_nether_gold",
    "placement": [
      {
        "type": "minecraft:count",
        "count": 1
      },
      {
        "type": "minecraft:in_square"
      },
      {
        "type": "minecraft:height_range",
        "height": {
          "type": "minecraft:uniform",
          "max_inclusive": {
            "below_top": 10
          },
          "min_inclusive": {
            "above_bottom": 10
          }
        }
      },
      {
        "type": "minecraft:biome"
      }
    ]
  }