{
    "feature": "minecraft:lake_lava",
    "placement": [
      {
        "type": "minecraft:rarity_filter",
        "chance": 1
      },
      {
        "type": "minecraft:in_square"
      },
      {
        "type": "minecraft:height_range",
        "height": {
          "type": "minecraft:uniform",
          "min_inclusive": {
            "absolute": 0
          },
          "max_inclusive": {
            "absolute": 80
          }
        }
      },
      
      {
        "type": "minecraft:count",
        "count": 1
      }
    ]
  }
  