{
  "sea_level": -64,
  "disable_mob_generation": false,
  "aquifers_enabled": true,
  "ore_veins_enabled": true,
  "legacy_random_source": false,
  "default_block": {
    "Name": "minecraft:stone"
  },
  "default_fluid": {
    "Name": "minecraft:water",
    "Properties": {
      "level": "0"
    }
  },
  "noise": {
    "min_y": -64,
    "height": 384,
    "size_horizontal": 1,
    "size_vertical": 1
  },
  "noise_router": {
    "barrier": 0,
    "fluid_level_floodedness": 0,
    "fluid_level_spread": 0,
    "lava": 0,
    "temperature": {
      "type": "minecraft:shifted_noise",
      "noise": "minecraft:temperature",
      "xz_scale": 3,
      "y_scale": 1,
      "shift_x": "minecraft:shift_x",
      "shift_y": 0,
      "shift_z": "minecraft:shift_z"
    },
    "vegetation": {
      "type": "minecraft:shifted_noise",
      "noise": "minecraft:vegetation",
      "xz_scale": 1,
      "y_scale": 1,
      "shift_x": "minecraft:shift_x",
      "shift_y": 0,
      "shift_z": "minecraft:shift_z"
    },
    "continents": {
    "type": "minecraft:shifted_noise",
    "noise": "minecraft:continentalness",
    "xz_scale": 0.8,
    "y_scale": 0,
    "shift_x": "minecraft:shift_x",
    "shift_y": 0,
    "shift_z": "minecraft:shift_z"
  },
  "erosion": {
    "type": "minecraft:shifted_noise",
    "noise": "minecraft:erosion",
    "xz_scale": 0.6,
    "y_scale": 0.4,
    "shift_x": "minecraft:shift_x",
    "shift_y": 0,
    "shift_z": "minecraft:shift_z"
  },
  "depth": {
    "type": "minecraft:shifted_noise",
    "noise": "minecraft:erosion",
    "xz_scale": 0.8,
    "y_scale": 1,
    "shift_x": "minecraft:shift_x",
    "shift_y": 0,
    "shift_z": "minecraft:shift_z"
  },
  "ridges": {
    "type": "minecraft:shifted_noise",
    "noise": "minecraft:ridge",
    "xz_scale": 0.7,
    "y_scale": 0.6,
    "shift_x": "minecraft:shift_x",
    "shift_y": 0,
    "shift_z": "minecraft:shift_z"
  },
  
    "initial_density_without_jaggedness": 0,
    "final_density": "stoneworld:cave_whole_thing",
    "vein_toggle": {
      "type": "minecraft:interpolated",
      "argument": {
        "type": "minecraft:range_choice",
        "input": "minecraft:y",
        "max_exclusive": 51,
        "min_inclusive": -60,
        "when_in_range": {
          "type": "minecraft:noise",
          "noise": "minecraft:ore_veininess",
          "xz_scale": 1.5,
          "y_scale": 1.5
        },
        "when_out_of_range": 0
      }
    },
    "vein_ridged": {
      "type": "minecraft:add",
      "argument1": -0.07999999821186066,
      "argument2": {
        "type": "minecraft:max",
        "argument1": {
          "type": "minecraft:abs",
          "argument": {
            "type": "minecraft:interpolated",
            "argument": {
              "type": "minecraft:range_choice",
              "input": "minecraft:y",
              "max_exclusive": 51,
              "min_inclusive": -60,
              "when_in_range": {
                "type": "minecraft:noise",
                "noise": "minecraft:ore_vein_a",
                "xz_scale": 4,
                "y_scale": 4
              },
              "when_out_of_range": 0
            }
          }
        },
        "argument2": {
          "type": "minecraft:abs",
          "argument": {
            "type": "minecraft:interpolated",
            "argument": {
              "type": "minecraft:range_choice",
              "input": "minecraft:y",
              "max_exclusive": 51,
              "min_inclusive": -60,
              "when_in_range": {
                "type": "minecraft:noise",
                "noise": "minecraft:ore_vein_b",
                "xz_scale": 4,
                "y_scale": 4
              },
              "when_out_of_range": 0
            }
          }
        }
      }
    },
    "vein_gap": {
      "type": "minecraft:noise",
      "noise": "minecraft:ore_gap",
      "xz_scale": 1,
      "y_scale": 1
    }
  },
  "spawn_target": [],
  "surface_rule": {
    "type": "minecraft:sequence",
    "sequence": [
      {
        "type": "minecraft:condition",
        "if_true": {
          "type": "minecraft:vertical_gradient",
          "random_name": "minecraft:bedrock_floor",
          "true_at_and_below": {
            "above_bottom": 0
          },
          "false_at_and_above": {
            "above_bottom": 5
          }
        },
        "then_run": {
          "type": "minecraft:block",
          "result_state": {
            "Name": "minecraft:bedrock"
          }
        }
      },
      {
        "type": "minecraft:condition",
        "if_true": {
          "type": "minecraft:not",
          "invert": {
            "type": "minecraft:vertical_gradient",
            "random_name": "minecraft:bedrock_roof",
            "true_at_and_below": {
              "below_top": 5
            },
            "false_at_and_above": {
              "below_top": 0
            }
          }
        },
        "then_run": {
          "type": "minecraft:block",
          "result_state": {
            "Name": "minecraft:bedrock"
          }
        }
      },
      {
        "type": "minecraft:condition",
        "if_true": {
          "type": "minecraft:y_above",
          "anchor": {
            "below_top": 5
          },
          "surface_depth_multiplier": 0,
          "add_stone_depth": false
        },
        "then_run": {
          "type": "minecraft:block",
          "result_state": {
            "Name": "minecraft:deepslate"
          }
        }
      },
      {
        "type": "minecraft:condition",
        "if_true": {
          "type": "minecraft:vertical_gradient",
          "random_name": "bottom_deepslate",
          "true_at_and_below": {
            "absolute": 15
          },
          "false_at_and_above": {
            "absolute": 25
          }
        },
        "then_run": {
          "type": "minecraft:block",
          "result_state": {
            "Name": "minecraft:deepslate"
          }
        }
      },
      {
        "type": "minecraft:condition",
        "if_true": {
          "type": "minecraft:not",
          "invert": {
            "type": "minecraft:vertical_gradient",
            "random_name": "deepslate_roof",
            "true_at_and_below": {
              "below_top": 100
            },
            "false_at_and_above": {
              "below_top": 90
            }
          }
        },
        "then_run": {
          "type": "minecraft:block",
          "result_state": {
            "Name": "deepslate"
          }
        }
      }
    ]
  }
}