{
    "type": "minecraft:huge_fungus",
    "config": {
      "decor_state": {
        "Name": "minecraft:shroomlight"
      },
      "hat_state": {
        "Name": "minecraft:red_mushroom_block"
      },
      "planted": false,
      "replaceable_blocks": {
        "type": "minecraft:matching_blocks",
        "blocks": [
          "minecraft:oak_sapling",
          "minecraft:spruce_sapling",
          "minecraft:birch_sapling",
          "minecraft:jungle_sapling",
          "minecraft:acacia_sapling",
          "minecraft:cherry_sapling",
          "minecraft:dark_oak_sapling",
          "minecraft:pale_oak_sapling",
          "minecraft:mangrove_propagule",
          "minecraft:dandelion",
          "minecraft:torchflower",
          "minecraft:poppy",
          "minecraft:blue_orchid",
          "minecraft:allium",
          "minecraft:azure_bluet",
          "minecraft:red_tulip",
          "minecraft:orange_tulip",
          "minecraft:white_tulip",
          "minecraft:pink_tulip",
          "minecraft:oxeye_daisy",
          "minecraft:cornflower",
          "minecraft:wither_rose",
          "minecraft:lily_of_the_valley",
          "minecraft:brown_mushroom",
          "minecraft:red_mushroom",
          "minecraft:wheat",
          "minecraft:sugar_cane",
          "minecraft:attached_pumpkin_stem",
          "minecraft:attached_melon_stem",
          "minecraft:pumpkin_stem",
          "minecraft:melon_stem",
          "minecraft:lily_pad",
          "minecraft:nether_wart",
          "minecraft:cocoa",
          "minecraft:carrots",
          "minecraft:potatoes",
          "minecraft:chorus_plant",
          "minecraft:chorus_flower",
          "minecraft:torchflower_crop",
          "minecraft:pitcher_crop",
          "minecraft:beetroots",
          "minecraft:sweet_berry_bush",
          "minecraft:warped_fungus",
          "minecraft:crimson_fungus",
          "minecraft:weeping_vines",
          "minecraft:weeping_vines_plant",
          "minecraft:twisting_vines",
          "minecraft:twisting_vines_plant",
          "minecraft:cave_vines",
          "minecraft:cave_vines_plant",
          "minecraft:spore_blossom",
          "minecraft:azalea",
          "minecraft:flowering_azalea",
          "minecraft:moss_carpet",
          "minecraft:pink_petals",
          "minecraft:big_dripleaf",
          "minecraft:big_dripleaf_stem",
          "minecraft:small_dripleaf"
        ]
      },
      "stem_state": {
        "Name": "minecraft:mushroom_stem",
        "Properties": {
          "up": "true"
        }
      },
      "valid_base_block": {
        "Name": "minecraft:mycelium"
      }
    }
  }