{
  "type": "minecraft:block_column",
  "config": {
    "allowed_placement": {
      "type": "minecraft:matching_blocks",
      "blocks": "minecraft:air"
    },
    "direction": "down",
    "layers": [
      {
        "height": {
          "type": "minecraft:uniform",
          "min_inclusive": 1,
          "max_inclusive": 4
        },
        "provider": {
          "type": "minecraft:simple_state_provider",
          "state": {
            "Name": "minecraft:pale_hanging_moss",
            "Properties": {
              "tip": "false"
            }
          }
        }
      },
      {
        "height": 1,
        "provider": {
          "type": "minecraft:simple_state_provider",
          "state": {
            "Name": "minecraft:pale_hanging_moss",
            "Properties": {
              "tip": "true"
            }
          }
        }
      }
    ],
    "prioritize_tip": true
  }
}