{
    "type": "minecraft:vegetation_patch",
    "config": {
      "depth": 1,
      "extra_bottom_block_chance": 0,
      "extra_edge_column_chance": 0.6,
      "ground_state": {
        "type": "minecraft:weighted_state_provider",
        "entries": [
          {
            "weight": 1,
            "data": {
              "Name": "minecraft:rooted_dirt"
            }
          },
          {
            "weight": 3,
            "data": {
              "Name": "minecraft:mycelium"
            }
          }
        ]
      },
      "replaceable": "#minecraft:lush_ground_replaceable",
      "surface": "floor",
      "vegetation_chance": 0.4,
      "vegetation_feature": {
        "feature": "stoneworld:mushroom_cave_vegetation",
        "placement": []
      },
      "vertical_range": 2,
      "xz_radius": {
        "type": "minecraft:uniform",
        "max_inclusive": 7,
        "min_inclusive": 4
      }
    }
  }