{
  "type": "minecraft:tree",
  "config": {
    "decorators": [
      {
        "type": "minecraft:creaking_heart",
        "probability": 1
      }
    ],
    "dirt_provider": {
      "type": "minecraft:simple_state_provider",
      "state": {
        "Name": "minecraft:pale_moss_block"
      }
    },
    "foliage_placer": {
      "type": "minecraft:random_spread_foliage_placer",
      "foliage_height": 2,
      "leaf_placement_attempts": 50,
      "offset": 1,
      "radius": 2
    },
    "foliage_provider": {
      "type": "minecraft:simple_state_provider",
      "state": {
        "Name": "minecraft:pale_oak_leaves"
      }
    },
    "force_dirt": true,
    "ignore_vines": false,
    "minimum_size": {
      "type": "minecraft:two_layers_feature_size",
      "min_clipped_height": 1,
      "limit": 1,
      "lower_size": 0,
      "upper_size": 1
    },
    "trunk_placer": {
      "type": "minecraft:bending_trunk_placer",
      "base_height": 3,
      "bend_length": {
        "type": "minecraft:uniform",
        "max_inclusive": 3,
        "min_inclusive": 1
      },
      "height_rand_a": 2,
      "height_rand_b": 2,
      "min_height_for_leaves": 1
    },
    "trunk_provider": {
      "type": "minecraft:simple_state_provider",
      "state": {
        "Name": "minecraft:pale_oak_log",
        "Properties": {
          "axis": "y"
        }
      }
    }
  }
}