{
    "type": "minecraft:vegetation_patch",
    "config": {
      "depth": {
        "type": "minecraft:uniform",
        "max_inclusive": 2,
        "min_inclusive": 1
      },
      "extra_bottom_block_chance": 0,
      "extra_edge_column_chance": 0.3,
      "ground_state": {
        "type": "minecraft:simple_state_provider",
        "state": {
          "Name": "minecraft:snow_block"
        }
      },
      "replaceable": "#minecraft:moss_replaceable",
      "surface": "ceiling",
      "vegetation_chance": 0.02,
      "vegetation_feature": {
        "feature": "stoneworld:hanging_pale_moss",
        "placement": []
      },
      "vertical_range": 5,
      "xz_radius": {
        "type": "minecraft:uniform",
        "max_inclusive": 7,
        "min_inclusive": 4
      }
    }
  }