{
  "type": "minecraft:scattered_ore",
  "config": {
    "discard_chance_on_air_exposure": 0,
    "size": 50,
    "targets": [
      {
        "state": {
          "Name": "minecraft:mossy_cobblestone",
          "Properties": {}
        },
        "target": {
          "predicate_type": "minecraft:tag_match",
          "tag": "minecraft:stone_ore_replaceables"
        }
      },
      {
        "state": {
          "Name": "minecraft:mud",
          "Properties": {}
        },
        "target": {
          "predicate_type": "minecraft:tag_match",
          "tag": "minecraft:deepslate_ore_replaceables"
        }
      }
    ]
  }
}