{
  "feature": "stoneworld:acacia_leave_pile",
  "placement": [
    {
      "type": "minecraft:count_on_every_layer",
      "count": 140
    },
    {
      "type": "minecraft:environment_scan",
      "direction_of_search": "down",
      "max_steps": 1,
      "target_condition": {
        "type": "minecraft:matching_blocks",
        "blocks": "minecraft:acacia_wood"
      }
    },
    {
      "type": "minecraft:random_offset",
      "xz_spread": 0,
      "y_spread": 1
    },
    {
      "type": "minecraft:biome"
    }
  ]
}