{
  "feature": "stoneworld:oak_leave_pile",
  "placement": [
    {
      "type": "minecraft:noise_based_count",
      "noise_factor": 80,
      "noise_offset": 0.3,
      "noise_to_count_ratio": 193
    },
    {
      "type": "minecraft:in_square"
    },
    {
      "type": "minecraft:block_predicate_filter",
      "predicate": {
        "type": "minecraft:all_of",
        "predicates": [
          {
            "type": "minecraft:not",
            "predicate": {
              "type": "minecraft:matching_blocks",
              "blocks": "#minecraft:overworld_carver_replaceables"
            }
          },
          {
            "type": "minecraft:any_of",
            "predicates": [
              {
                "type": "minecraft:matching_blocks",
                "offset": [
                  0,
                  -1,
                  0
                ],
                "blocks": "minecraft:oak_wood"
              },
              {
                "type": "minecraft:matching_blocks",
                "offset": [
                  0,
                  1,
                  0
                ],
                "blocks": "minecraft:oak_wood"
              }
            ]
          }
        ]
      }
    }
  ]
}