{
  "type": "minecraft:crafting_shaped",
  "category": "equipment",
  "pattern": [
    " d ",
    "gsg",
    "iri"
  ],
  "key": {
    "d": [
      "minecraft:echo_shard"
    ],
    "s": "minecraft:diamond_pickaxe",
    "i": [
      "minecraft:diamond_block"
    ],
    "r": [
      "minecraft:netherite_ingot"
    ],
    "g": [
      "minecraft:gold_block"
    ]
  },
  "result": {
    "id": "minecraft:amethyst_shard",
    "components": {
      "minecraft:custom_name": "{\"text\":\"Divine Drill\",\"italic\":false,\"color\":\"light_purple\"}",
      "minecraft:lore": [
        "{\"text\":\"+ mines 3x3x2\",\"italic\":false,\"color\":\"dark_green\"}",
        "{\"text\":\"+ Goated\",\"italic\":false,\"color\":\"dark_green\"}"
      ],
      "minecraft:enchantment_glint_override": true,
      "minecraft:attribute_modifiers": {
        "modifiers": [
          {
            "type": "minecraft:block_interaction_range",
            "id": "minecraft:modify",
            "amount": -2,
            "operation": "add_value",
            "slot": "hand"
          }
        ]
      },
      "minecraft:tool": {
        "rules": [
          {
            "blocks": "#mineable/pickaxe",
            "speed": 3.5,
            "correct_for_drops": true
          }
        ],
        "default_mining_speed": 1,
        "damage_per_block": 1
      },
      "minecraft:damage": 0,
      "minecraft:max_damage": 70,
      "minecraft:max_stack_size": 1,
      "minecraft:custom_data": "{ddp:1}"
    }
  }
}