{
    "carvers": [
      "minecraft:cave",
      "minecraft:cave_extra_underground",
      "minecraft:canyon",
      "stoneworld:spruce_roots"
    ],
    "downfall": 0.5,
    "effects": {
      "fog_color": 12638463,
      "mood_sound": {
        "block_search_extent": 8,
        "offset": 2,
        "sound": "minecraft:ambient.cave",
        "tick_delay": 6000
      },
      "music": [
        {
          "data": {
            "max_delay": 24000,
            "min_delay": 12000,
            "replace_current_music": false,
            "sound": "minecraft:music.overworld.snowy_slopes"
          },
          "weight": 1
        }
      ],
      "music_volume": 1,
      "sky_color": 8103167,
      "water_color": 4159204,
      "water_fog_color": 329011,
      "particle": {
        "options": {
          "type": "minecraft:white_ash"
        },
        "probability": 0.05093334
      }
    },
    "features": [
      [],
      [],
      [
        "minecraft:amethyst_geode"
      ],
      [
        "minecraft:monster_room",
        "minecraft:monster_room_deep"
      ],
      [],
      [],
      [
        "minecraft:ore_dirt",
        "minecraft:ore_gravel",
        "minecraft:ore_granite_upper",
        "minecraft:ore_granite_lower",
        "minecraft:ore_diorite_upper",
        "minecraft:ore_diorite_lower",
        "minecraft:ore_andesite_upper",
        "minecraft:ore_andesite_lower",
        "minecraft:ore_tuff",
        "minecraft:ore_coal_upper",
        "minecraft:ore_coal_lower",
        "minecraft:ore_iron_upper",
        "minecraft:ore_iron_middle",
        "minecraft:ore_iron_small",
        "minecraft:ore_gold",
        "minecraft:ore_gold_lower",
        "minecraft:ore_redstone",
        "minecraft:ore_redstone_lower",
        "minecraft:ore_diamond",
        "minecraft:ore_diamond_medium",
        "minecraft:ore_diamond_large",
        "minecraft:ore_diamond_buried",
        "minecraft:ore_lapis",
        "minecraft:ore_lapis_buried",
        "minecraft:ore_copper",
        "minecraft:ore_clay",
        "minecraft:disk_sand",
        "minecraft:disk_clay",
        "minecraft:disk_gravel",
        "stoneworld:ore_ice",
        "stoneworld:spruce_leave_vegetation"
      ],
      [],
      [
        "minecraft:spring_water"
      ],
      [
        "stoneworld:icey_spike",
        "minecraft:glow_lichen",
        "stoneworld:icey_caves_ceiling_vegetation",
        "stoneworld:snowy_cave_vegetation",
        "minecraft:classic_vines_cave_feature",
        "stoneworld:ice_and_snow_patch"
      ],
      [
        "minecraft:freeze_top_layer"
      ]
    ],
    "has_precipitation": true,
    "spawn_costs": {},
    "spawners": {
      "ambient": [
        {
          "type": "minecraft:bat",
          "maxCount": 8,
          "minCount": 8,
          "weight": 10
        }
      ],
      "axolotls": [
        {
          "type": "minecraft:polar_bear",
          "maxCount": 2,
          "minCount": 1,
          "weight": 10
        }
      ],
      "creature": [],
      "misc": [],
      "monster": [
        {
          "type": "minecraft:spider",
          "maxCount": 4,
          "minCount": 4,
          "weight": 100
        },
        {
          "type": "minecraft:zombie",
          "maxCount": 4,
          "minCount": 4,
          "weight": 95
        },
        {
          "type": "minecraft:zombie_villager",
          "maxCount": 1,
          "minCount": 1,
          "weight": 5
        },
        {
          "type": "minecraft:skeleton",
          "maxCount": 4,
          "minCount": 4,
          "weight": 100
        },
        {
          "type": "minecraft:creeper",
          "maxCount": 4,
          "minCount": 4,
          "weight": 100
        },
        {
          "type": "minecraft:slime",
          "maxCount": 4,
          "minCount": 4,
          "weight": 100
        },
        {
          "type": "minecraft:enderman",
          "maxCount": 4,
          "minCount": 1,
          "weight": 10
        },
        {
          "type": "minecraft:witch",
          "maxCount": 1,
          "minCount": 1,
          "weight": 5
        }
      ],
      "underground_water_creature": [
        {
          "type": "minecraft:glow_squid",
          "maxCount": 6,
          "minCount": 4,
          "weight": 10
        }
      ],
      "water_ambient": [
        {
          "type": "minecraft:tropical_fish",
          "maxCount": 8,
          "minCount": 8,
          "weight": 25
        }
      ],
      "water_creature": []
    },
    "temperature": 0.0
  }