{
    "carvers": [
        "minecraft:cave_extra_underground"
    ],
    "downfall": 0,
    "effects": {
      "additions_sound": {
        "sound": "minecraft:ambient.warped_forest.additions",
        "tick_chance": 0.0111
      },
      "ambient_sound": "minecraft:ambient.warped_forest.loop",
      "fog_color": 1705242,
      "mood_sound": {
        "block_search_extent": 8,
        "offset": 2,
        "sound": "minecraft:ambient.warped_forest.mood",
        "tick_delay": 6000
      },
      "music": [
        {
          "data": {
            "max_delay": 24000,
            "min_delay": 12000,
            "replace_current_music": false,
            "sound": "minecraft:music.nether.warped_forest"
          },
          "weight": 1
        }
      ],
      "music_volume": 1,
      "particle": {
        "options": {
          "type": "minecraft:warped_spore"
        },
        "probability": 0.01428
      },
      "sky_color": 7254527,
      "water_color": 4159204,
      "water_fog_color": 329011
    },
    "features": [
      [],
      [],
      [],
      [],
      [],
      [],
      [],
      [
        "minecraft:ore_dirt",
        "minecraft:ore_gravel",
        "minecraft:ore_granite_upper",
        "minecraft:ore_granite_lower",
        "minecraft:ore_diorite_upper",
        "minecraft:ore_diorite_lower",
        "minecraft:ore_andesite_upper",
        "minecraft:ore_andesite_lower",
        "minecraft:ore_tuff",
        "minecraft:ore_coal_upper",
        "minecraft:ore_coal_lower",
        "minecraft:ore_iron_upper",
        "minecraft:ore_iron_middle",
        "minecraft:ore_iron_small",
        "minecraft:ore_gold",
        "minecraft:ore_gold_lower",
        "minecraft:ore_redstone",
        "minecraft:ore_redstone_lower",
        "minecraft:ore_diamond",
        "minecraft:ore_diamond_medium",
        "minecraft:ore_diamond_large",
        "minecraft:ore_diamond_buried",
        "minecraft:ore_lapis",
        "minecraft:ore_lapis_buried",
        "minecraft:ore_copper",
        "minecraft:underwater_magma",
        "minecraft:disk_sand",
        "minecraft:disk_clay",
        "minecraft:disk_gravel"
      ],
      [],
      [
        "minecraft:spring_lava",
        "stoneworld:twisting_roots",
        "minecraft:nether_sprouts",
        "stoneworld:mycelium_floor",
        "stoneworld:glowing_mushroom",
        "stoneworld:underground_brown_mushroom"

      ]
    ],
    "has_precipitation": false,
    "spawn_costs": {
      "minecraft:enderman": {
        "charge": 1,
        "energy_budget": 0.12
      }
    },
    "spawners": {
      "ambient": [],
      "axolotls": [],
      "creature": [],
      "misc": [],
      "monster": [
        {
          "type": "minecraft:mooshroom",
          "weight": 1,
          "minCount": 4,
          "maxCount": 4
        },
        {
          "type": "minecraft:enderman",
          "maxCount": 4,
          "minCount": 4,
          "weight": 1
        }
      ],
      "underground_water_creature": [],
      "water_ambient": [],
      "water_creature": []
    },
    "temperature": 0.9
  }